31,中島 美咲,なかじま みさき,nakajima_misaki@example.com,28,福岡県
32,西川 一郎,にしかわ いちろう,nishikawa_ichirou@example.com,44,愛媛県
33,小林 茜,こばやし あかね,kobayashi_akane@example.com,37,群馬県
34,田中 康弘,たなか やすひろ,tanaka_yasuhiro@example.com,51,千葉県
35,山本 真由美,やまもと まゆみ,yamamoto_mayumi@example.com,39,長野県
36,佐藤 翔太,さとう しょうた,satou_shouta@example.com,31,岩手県
37,渡辺 美香,わたなべ みか,watanabe_mika@example.com,46,滋賀県
38,鈴木 健一,すずき けんいち,suzuki_kenichi@example.com,58,山形県
39,高橋 恵美,たかはし えみ,takahashi_emi@example.com,33,三重県
40,伊藤 隆之,いとう たかゆき,itou_takayuki@example.com,42,栃木県
41,渡部 智子,わたなべ ともこ,watanabe_tomoko@example.com,29,富山県
42,木村 龍一,きむら りゅういち,kimura_ryuuichi@example.com,55,和歌山県
43,林 美穂,はやし みほ,hayashi_miho@example.com,36,石川県
44,斎藤 浩二,さいとう こうじ,saitou_kouji@example.com,47,岐阜県
45,山田 裕美,やまだ ひろみ,yamada_hiromi@example.com,40,徳島県
46,加藤 正樹,かとう まさき,katou_masaki@example.com,34,香川県
47,吉田 麻衣,よしだ まい,yoshida_mai@example.com,27,山口県
48,松本 健太郎,まつもと けんたろう,matsumoto_kentarou@example.com,52,長崎県
49,井上 由美,いのうえ ゆみ,inoue_yumi@example.com,38,佐賀県
50,佐々木 英樹,ささき ひでき,sasaki_hideki@example.com,45,大分県
51,山口 智美,やまぐち ともみ,yamaguchi_tomomi@example.com,30,宮城県
52,中村 弘樹,なかむら ひろき,nakamura_hiroki@example.com,49,福井県
53,小川 真理子,おがわ まりこ,ogawa_mariko@example.com,41,島根県
54,岡田 拓也,おかだ たくや,okada_takuya@example.com,32,高知県
55,後藤 美香,ごとう みか,gotou_mika@example.com,54,鹿児島県
56,村上 健一,むらかみ けんいち,murakami_kenichi@example.com,37,沖縄県
57,近藤 恵子,こんどう けいこ,kondou_keiko@example.com,43,秋田県
58,遠藤 和也,えんどう かずや,endou_kazuya@example.com,50,山梨県
59,川崎 由美子,かわさき ゆみこ,kawasaki_yumiko@example.com,35,岡山県
60,藤田 雄太,ふじた ゆうた,fujita_yuuta@example.com,28,広島県
61,阿部 真央,あべ まお,abe_mao@example.com,39,京都府
62,北村 健太,きたむら けんた,kitamura_kenta@example.com,46,兵庫県
63,本田 美咲,ほんだ みさき,honda_misaki@example.com,31,愛知県
64,久保 智也,くぼ ともや,kubo_tomoya@example.com,53,神奈川県
65,菊地 莉子,きくち りこ,kikuchi_riko@example.com,25,東京都
66,岡本 大輔,おかもと だいすけ,okamoto_daisuke@example.com,44,埼玉県
67,内田 七海,うちだ ななみ,uchida_nanami@example.com,33,千葉県
68,福田 隆二,ふくだ りゅうじ,fukuda_ryuuji@example.com,57,静岡県
69,原田 美香,はらだ みか,harada_mika@example.com,38,福岡県
70,柴田 健太郎,しばた けんたろう,shibata_kentarou@example.com,42,大阪府
71,増田 由紀,ますだ ゆき,masuda_yuki@example.com,29,北海道
72,太田 雅人,おおた まさと,oota_masato@example.com,48,宮城県
73,杉山 美穂,すぎやま みほ,sugiyama_miho@example.com,36,新潟県
74,村田 大輔,むらた だいすけ,murata_daisuke@example.com,51,長野県
75,三浦 真理子,みうら まりこ,miura_mariko@example.com,34,群馬県
76,中川 智也,なかがわ ともや,nakagawa_tomoya@example.com,45,栃木県
77,星野 美咲,ほしの みさき,hoshino_misaki@example.com,27,茨城県
78,松田 健太,まつだ けんた,matsuda_kenta@example.com,40,岐阜県
79,池田 由美,いけだ ゆみ,ikeda_yumi@example.com,55,三重県
80,浜田 隆之,はまだ たかゆき,hamada_takayuki@example.com,32,滋賀県
81,平野 美香,ひらの みか,hirano_mika@example.com,47,和歌山県
82,相澤 健太郎,あいざわ けんたろう,aizawa_kentarou@example.com,37,奈良県
83,小島 真由美,こじま まゆみ,kojima_mayumi@example.com,52,富山県
84,谷口 大樹,たにぐち だいき,taniguchi_daiki@example.com,30,石川県
85,高木 由美子,たかぎ ゆみこ,takagi_yumiko@example.com,43,福井県
86,丸山 隆司,まるやま たかし,maruyama_takashi@example.com,56,山形県
87,青木 美咲,あおき みさき,aoki_misaki@example.com,35,岩手県
88,上田 健一,うえだ けんいち,ueda_kenichi@example.com,49,秋田県
89,中野 真理,なかの まり,nakano_mari@example.com,28,山梨県
90,田村 大輔,たむら だいすけ,tamura_daisuke@example.com,41,岡山県
91,横山 麻衣,よこやま まい,yokoyama_mai@example.com,33,広島県
92,石井 隆之,いしい たかゆき,ishii_takayuki@example.com,54,山口県
93,坂本 美穂,さかもと みほ,sakamoto_miho@example.com,39,徳島県
94,水野 健太,みずの けんた,mizuno_kenta@example.com,46,香川県
95,小松 由紀,こまつ ゆき,komatsu_yuki@example.com,31,愛媛県
96,原 大輔,はら だいすけ,hara_daisuke@example.com,50,高知県
97,関 真理子,せき まりこ,seki_mariko@example.com,36,佐賀県
98,竹内 智也,たけうち ともや,takeuchi_tomoya@example.com,44,長崎県
99,宮崎 美香,みやざき みか,miyazaki_mika@example.com,29,大分県
100,前田 隆二,まえだ りゅうじ,maeda_ryuuji@example.com,53,宮崎県